Name, Desc, n, I(0) pvalue, I(1) pvalue, CI_lower, CI_upper 
AM,Absolute Mobility Index, 709, 0.0040 , 0.0792,  0.14,  1.00 
RM,Relative Mobility Index, 709, 0.0001 , 0.1109,  0.15,  1.00 
AMFemale,Absolute Mobility Index (Female), 667, 0.0042 , 0.0162,  0.07,  0.79 
RMFemale,Relative Mobility Index (Female), 667, 0.0000 , 0.2516,  0.25,  1.00 
AMMale,Absolute Mobility Index (Male), 667, 0.0040 , 0.0486,  0.10,  1.00 
RMMale,Relative Mobility Index (Male), 667, 0.0002 , 0.0913,  0.12,  1.00 
FracBlack,Frac. Black Residents, 741, 0.0117 , 0.0204,  0.02,  0.72 
RacSeg,Racial Segregation, 741, 0.0253 , 0.0682,  0.05,  1.00 
IncSeg,Income Segregation Index, 741, 0.0585 , 0.0944,  0.01,  1.00 
SegPov25,Segregation of Poverty, 741, 0.0358 , 0.1307,  0.04,  1.00 
SegAfl75,Segregation of Affluence (>p75), 741, 0.0753 , 0.0846,  0.00,  1.00 
FracCom15,Frac. < 15 Mins to Work, 741, 0.0009 , 0.6913,  0.46,  1.00 
HIPC,Mean Household Income, 741, 0.1783 , 0.0166,  0.01,  0.61 
Gini,Gini, 741, 0.0009 , 0.5658,  0.40,  1.00 
IncSh1,Top 1 Perc. Inc. Share, 709, 0.0290 , 0.5998,  0.43,  1.00 
GiniBot99,Gini Bottom 99 Percent, 709, 0.0009 , 0.2935,  0.23,  1.00 
Frac2575,Fraction Middle Class (between p25 and p75), 709, 0.0031 , 0.1685,  0.17,  1.00 
LocTR,Local Tax Rate, 740, 0.2490 , 0.0089,  0.01,  0.59 
LocGexp,Local Govt Expenditures Per Capita, 739, 0.0118 , 0.6960,  0.00,  1.00 
SchExp,School Expenditure per Student, 731, 0.0893 , 0.3030,  0.00,  1.00 
TSR,Student-Teacher Ratio, 711, 0.1582 , 0.0307,  0.04,  0.86 
TSPerc,Test Scores (Inc. adjusted), 705, 0.0658 , 0.4005,  0.27,  1.00 
HSDrop,High School Dropout, 593, 0.0256 , 0.6298,  0.40,  1.00 
ColPC,Colleges per Capita, 584, 0.1003 , 0.5671,  0.00,  1.00 
ColTui,College Tuition, 580, 0.0002 , 0.2043,  0.15,  1.00 
ColGrad,Coll. Grad. Rate (Inc. Adjusted), 581, 0.0087 , 0.4580,  0.34,  1.00 
LFPR,Labor Force Participation Rate, 741, 0.0058 , 0.2835,  0.23,  1.00 
ManShare,Manufacturing Share, 741, 0.0036 , 0.0461,  0.10,  1.00 
ChImp,Chinese Import Growth, 722, 0.0708 , 0.0147,  0.01,  0.58 
TLFPR,Teenage LFP Rate, 709, 0.0025 , 0.2773,  0.20,  1.00 
MigIRate,Migration Inflow, 724, 0.1146 , 0.0662,  0.00,  1.00 
MigORate,Migration Outlflow, 724, 0.0191 , 0.0516,  0.07,  1.00 
FracFor,Frac. Foreign Born, 741, 0.0240 , 0.4460,  0.34,  1.00 
SCInd,Social Capital Index, 722, 0.0010 , 0.7248,  0.38,  1.00 
FracRel,Frac. Religious, 741, 0.0283 , 0.1108,  0.15,  1.00 
CrimeR,Violent Crime Rate, 714, 0.0393 , 0.5210,  0.38,  1.00 
FracSM,Frac. Single Mothers, 741, 0.0054 , 0.0332,  0.05,  0.90 
FracDiv,Divorce Rate, 741, 0.2134 , 0.0028,  0.02,  0.53 
FracMar,Frac. Married, 741, 0.0687 , 0.0902,  0.12,  1.00 
IncGrth,Income Growth, 741, 0.0338 , 0.3325,  0.28,  1.00 
