Name, Desc, OLS (Clust SE), FGLS(CSCPC) 
FracBlack,Frac. Black Residents, -0.58 [-0.71;-0.45], -0.42 [-0.51;-0.33] 
RacSeg,Racial Segregation, -0.36 [-0.45;-0.27], -0.23 [-0.27;-0.19] 
SegPov25,Segregation of Poverty, -0.41 [-0.54;-0.28], -0.21 [-0.25;-0.16] 
FracCom15,Frac. < 15 Mins to Work,  0.61 [ 0.36; 0.85],  0.37 [ 0.27; 0.47] 
HIPC,Mean Household Income,  0.05 [-0.09; 0.19], -0.02 [-0.07; 0.04] 
Gini,Gini, -0.58 [-0.76;-0.40], -0.21 [-0.30;-0.13] 
IncSh1,Top 1 Perc. Inc. Share, -0.19 [-0.33;-0.05], -0.06 [-0.12;-0.00] 
TSR,Student-Teacher Ratio, -0.33 [-0.52;-0.13], -0.18 [-0.26;-0.10] 
TSPerc,Test Scores (Inc. adjusted),  0.59 [ 0.42; 0.76],  0.42 [ 0.33; 0.52] 
HSDrop,High School Dropout, -0.57 [-0.75;-0.40], -0.30 [-0.42;-0.19] 
SCInd,Social Capital Index,  0.64 [ 0.46; 0.82],  0.28 [ 0.12; 0.44] 
FracRel,Frac. Religious,  0.52 [ 0.35; 0.69],  0.32 [ 0.19; 0.45] 
CrimeR,Violent Crime Rate, -0.38 [-0.67;-0.09], -0.14 [-0.23;-0.06] 
FracSM,Frac. Single Mothers, -0.76 [-0.91;-0.62], -0.60 [-0.69;-0.51] 
FracDiv,Divorce Rate, -0.49 [-0.68;-0.29], -0.38 [-0.49;-0.28] 
FracMar,Frac. Married,  0.57 [ 0.45; 0.69],  0.36 [ 0.29; 0.43] 
LocTR,Local Tax Rate,  0.32 [ 0.19; 0.46],  0.07 [ 0.02; 0.13] 
ColPC,Colleges per Capita,  0.20 [-0.02; 0.42],  0.02 [-0.07; 0.10] 
ColTui,College Tuition, -0.02 [-0.15; 0.11],  0.01 [-0.02; 0.04] 
ColGrad,Coll. Grad. Rate (Inc. Adjusted),  0.15 [ 0.03; 0.28],  0.08 [ 0.02; 0.14] 
ManShare,Manufacturing Share, -0.26 [-0.44;-0.08],  0.07 [-0.02; 0.15] 
ChImp,Chinese Import Growth, -0.17 [-0.33;-0.02],  0.03 [ 0.00; 0.05] 
TLFPR,Teenage LFP Rate,  0.63 [ 0.46; 0.80],  0.25 [ 0.13; 0.36] 
MigIRate,Migration Inflow, -0.26 [-0.40;-0.11], -0.13 [-0.20;-0.07] 
MigORate,Migration Outlflow, -0.16 [-0.30;-0.03], -0.09 [-0.15;-0.02] 
FracFor,Frac. Foreign Born, -0.03 [-0.15; 0.10], -0.12 [-0.23;-0.01] 
