Name, Desc, n, I(0) pvalue, I(1) pvalue, [CI] 
AM,Absolute Mobility Index, 709,   0.00,   0.08, [ 0.14; 1.00] 
FracBlack,Frac. Black Residents, 741,   0.01,   0.02, [ 0.02; 0.72] 
RacSeg,Racial Segregation, 741,   0.03,   0.07, [ 0.05; 1.00] 
SegPov25,Segregation of Poverty, 741,   0.04,   0.13, [ 0.04; 1.00] 
FracCom15,Frac. < 15 Mins to Work, 741,   0.00,   0.69, [ 0.46; 1.00] 
HIPC,Mean Household Income, 741,   0.18,   0.02, [ 0.01; 0.61] 
Gini,Gini, 741,   0.00,   0.57, [ 0.40; 1.00] 
IncSh1,Top 1 Perc. Inc. Share, 709,   0.03,   0.60, [ 0.43; 1.00] 
TSR,Student-Teacher Ratio, 711,   0.16,   0.03, [ 0.04; 0.86] 
TSPerc,Test Scores (Inc. adjusted), 705,   0.07,   0.40, [ 0.27; 1.00] 
HSDrop,High School Dropout, 593,   0.03,   0.63, [ 0.40; 1.00] 
SCInd,Social Capital Index, 722,   0.00,   0.72, [ 0.38; 1.00] 
FracRel,Frac. Religious, 741,   0.03,   0.11, [ 0.15; 1.00] 
CrimeR,Violent Crime Rate, 714,   0.04,   0.52, [ 0.38; 1.00] 
FracSM,Frac. Single Mothers, 741,   0.01,   0.03, [ 0.05; 0.90] 
FracDiv,Divorce Rate, 741,   0.21,   0.00, [ 0.02; 0.53] 
FracMar,Frac. Married, 741,   0.07,   0.09, [ 0.12; 1.00] 
LocTR,Local Tax Rate, 740,   0.25,   0.01, [ 0.01; 0.59] 
ColPC,Colleges per Capita, 584,   0.10,   0.57, [ 0.00; 1.00] 
ColTui,College Tuition, 580,   0.00,   0.20, [ 0.15; 1.00] 
ColGrad,Coll. Grad. Rate (Inc. Adjusted), 581,   0.01,   0.46, [ 0.34; 1.00] 
ManShare,Manufacturing Share, 741,   0.00,   0.05, [ 0.10; 1.00] 
ChImp,Chinese Import Growth, 722,   0.07,   0.01, [ 0.01; 0.58] 
TLFPR,Teenage LFP Rate, 709,   0.00,   0.28, [ 0.20; 1.00] 
MigIRate,Migration Inflow, 724,   0.11,   0.07, [ 0.00; 1.00] 
MigORate,Migration Outlflow, 724,   0.02,   0.05, [ 0.07; 1.00] 
FracFor,Frac. Foreign Born, 741,   0.02,   0.45, [ 0.34; 1.00] 
